class,order,family,clade,clade_rank,genus,confidence
Insecta,Coleoptera,Cerambycidae,Lepturini,tribe,Acmaeops,5.3
Insecta,Coleoptera,Cerambycidae,Lepturini,tribe,Acmaeopsoides,5.3
Insecta,Diptera,Syrphidae,Syrphinae,subfamily,Afrosyrphus,5.2
Insecta,Hymenoptera,Agaonidae,Agaoninae,subfamily,Agaon,5.1
Insecta,Diptera,Syrphidae,Syrphinae,subfamily,Agnisyrphus,5.2
Aves,Passeriformes,Fringillidae,Hemignathini,tribe,Aidemedia,5.3
Aves,Passeriformes,Fringillidae,Hemignathini,tribe,Akialoa,5.3
Insecta,Hymenoptera,Agaonidae,Agaoninae,subfamily,Alfonsiella,5.1
Insecta,Diptera,Syrphidae,Eristalinae,subfamily,Alipumilio,5.2
Insecta,Diptera,Syrphidae,Syrphinae,subfamily,Allobacha,5.2
Insecta,Diptera,Syrphidae,Syrphinae,subfamily,Allograpta,5.2
Insecta,Coleoptera,Cleridae,Clerinae,subfamily,Allonyx,5.3
Insecta,Hymenoptera,Agaonidae,Agaoninae,subfamily,Allotriozoon,5.1
Insecta,Coleoptera,Cerambycidae,Lepturini,tribe,Alosternida,5.3
Insecta,Coleoptera,Cerambycidae,Lepturini,tribe,Analeptura,5.3
Insecta,Diptera,Syrphidae,Eristalinae,subfamily,Anasimyia,5.2
Insecta,Coleoptera,Cerambycidae,Lepturini,tribe,Anastrangalia,5.3
Insecta,Diptera,Syrphidae,Eristalinae,subfamily,Aneriophora,5.2
Insecta,Coleoptera,Scarabaeidae,Hopliini,tribe,Anisonyx,5.3
Insecta,Coleoptera,Cerambycidae,Lepturini,tribe,Anoplodera,5.3
Mammalia,Chiroptera,Phyllostomidae,Glossophaginae,subfamily,Anoura,5.2
Insecta,Coleoptera,Cerambycidae,Lepturini,tribe,Anthophylax,5.3
Insecta,Diptera,Syrphidae,Syrphinae,subfamily,Anu,5.2
Insecta,Diptera,Tabanidae,Pangoniinae,subfamily,Apatolestes,5.3
Insecta,Coleoptera,Cleridae,Clerinae,subfamily,Aphelocerus,5.3
Insecta,Coleoptera,Cleridae,Clerinae,subfamily,Aphelochroa,5.3
Insecta,Diptera,Syrphidae,Eristalinae,subfamily,Arctophila,5.2
Insecta,Diptera,Syrphidae,Syrphinae,subfamily,Argentinomyia,5.2
Insecta,Diptera,Tabanidae,Pangoniinae,subfamily,Asaphomyia,5.3
Insecta,Diptera,Syrphidae,Syrphinae,subfamily,Asarkina,5.2
Insecta,Diptera,Syrphidae,Syrphinae,subfamily,Asiodidea,5.2
Insecta,Coleoptera,Cleridae,Clerinae,subfamily,Aulicus,5.3
Insecta,Diptera,Syrphidae,Eristalinae,subfamily,Austalis,5.2
Insecta,Diptera,Syrphidae,Eristalinae,subfamily,Austroascia,5.2
Insecta,Diptera,Syrphidae,Eristalinae,subfamily,Austrocheilosia,5.2
Insecta,Diptera,Syrphidae,Eristalinae,subfamily,Austrophilus,5.2
Insecta,Diptera,Syrphidae,Eristalinae,subfamily,Axona,5.2
Insecta,Diptera,Syrphidae,Eristalinae,subfamily,Azpeytia,5.2
Insecta,Diptera,Syrphidae,Syrphinae,subfamily,Baccha,5.2
Insecta,Coleoptera,Cleridae,Clerinae,subfamily,Balcus,5.3
Insecta,Coleoptera,Cerambycidae,Lepturini,tribe,Bellamira,5.3
Insecta,Coleoptera,Cantharidae,Chauliognathinae,subfamily,Belotus,5.4
Insecta,Diptera,Syrphidae,Syrphinae,subfamily,Betasyrphus,5.2
Insecta,Hymenoptera,Agaonidae,Agaoninae,subfamily,Blastophaga,5.1
Insecta,Diptera,Syrphidae,Eristalinae,subfamily,Blera,5.2
Insecta,Coleoptera,Cerambycidae,Lepturini,tribe,Brachyleptura,5.3
Insecta,Diptera,Syrphidae,Eristalinae,subfamily,Brachyopa,5.2
Insecta,Diptera,Syrphidae,Eristalinae,subfamily,Brachypalpus,5.2
Insecta,Coleoptera,Cerambycidae,Lepturini,tribe,Brachysomida,5.3
Insecta,Diptera,Tabanidae,Pangoniinae,subfamily,Brennania,5.3
Insecta,Diptera,Syrphidae,Eristalinae,subfamily,Cacoceria,5.2
Insecta,Coleoptera,Cleridae,Clerinae,subfamily,Calendyma,5.3
Insecta,Diptera,Syrphidae,Eristalinae,subfamily,Caliprobola,5.2
Insecta,Diptera,Syrphidae,Eristalinae,subfamily,Callicera,5.2
Insecta,Coleoptera,Cleridae,Clerinae,subfamily,Caridopus,5.3
Insecta,Coleoptera,Cerambycidae,Lepturini,tribe,Centrodera,5.3
Insecta,Hymenoptera,Agaonidae,Kradibiinae,subfamily,Ceratosolen,5.1
Insecta,Diptera,Syrphidae,Eristalinae,subfamily,Ceriana,5.2
Aves,Psittaciformes,Psittacidae,Loriini,tribe,Chalcopsitta,5.3
Insecta,Diptera,Syrphidae,Eristalinae,subfamily,Chalcosyrphus,5.2
Insecta,Diptera,Syrphidae,Eristalinae,subfamily,Chamaesphegina,5.2
Insecta,Diptera,Syrphidae,Eristalinae,subfamily,Chamaesyrphus,5.2
Insecta,Coleoptera,Cerambycidae,Lepturini,tribe,Charisalia,5.3
Aves,Psittaciformes,Psittacidae,Loriini,tribe,Charmosyna,5.3
Insecta,Diptera,Syrphidae,Eristalinae,subfamily,Chasmomma,5.2
Insecta,Coleoptera,Cantharidae,Chauliognathinae,subfamily,Chauliognathus,5.4
Insecta,Diptera,Syrphidae,Eristalinae,subfamily,Cheilosia,5.2
Aves,Passeriformes,Fringillidae,Hemignathini,tribe,Chlorodrepanis,5.3
Mammalia,Chiroptera,Phyllostomidae,Glossophaginae,subfamily,Choeroniscus,5.2
Mammalia,Chiroptera,Phyllostomidae,Glossophaginae,subfamily,Choeronycteris,5.2
Insecta,Coleoptera,Cerambycidae,Lepturini,tribe,Choriolaus,5.3
Insecta,Diptera,Syrphidae,Eristalinae,subfamily,Chromocheilosia,5.2
Insecta,Diptera,Syrphidae,Eristalinae,subfamily,Chrysogaster,5.2
Insecta,Diptera,Syrphidae,Eristalinae,subfamily,Chrysosyrphus,5.2
Insecta,Diptera,Syrphidae,Syrphinae,subfamily,Chrysotoxum,5.2
Aves,Passeriformes,Fringillidae,Drepanidini,tribe,Ciridops,5.3
Insecta,Diptera,Syrphidae,Syrphinae,subfamily,Citrogramma,5.2
Insecta,Coleoptera,Cleridae,Clerinae,subfamily,Clerus,5.3
Insecta,Coleoptera,Cleridae,Clerinae,subfamily,Colyphus,5.3
Insecta,Coleoptera,Cerambycidae,Lepturini,tribe,Comacmaeops,5.3
Insecta,Diptera,Syrphidae,Eristalinae,subfamily,Conosyrphus,5.2
Insecta,Diptera,Syrphidae,Eristalinae,subfamily,Copestylum,5.2
Insecta,Coleoptera,Cerambycidae,Lepturini,tribe,Cortodera,5.3
Insecta,Coleoptera,Cleridae,Clerinae,subfamily,Corynommadius,5.3
Insecta,Coleoptera,Cerambycidae,Lepturini,tribe,Cosmosalia,5.3
Insecta,Hymenoptera,Agaonidae,Agaoninae,subfamily,Courtella,5.1
Insecta,Diptera,Syrphidae,Eristalinae,subfamily,Criorhina,5.2
Insecta,Diptera,Syrphidae,Eristalinae,subfamily,Cynorhinella,5.2
Insecta,Diptera,Syrphidae,Eristalinae,subfamily,Cyphipelta,5.2
Insecta,Coleoptera,Cerambycidae,Lepturini,tribe,Cyphonotida,5.3
Insecta,Diptera,Syrphidae,Syrphinae,subfamily,Dasysyrphus,5.2
Insecta,Hymenoptera,Agaonidae,Agaoninae,subfamily,Deilagaon,5.1
Insecta,Diptera,Syrphidae,Eristalinae,subfamily,Deineches,5.2
Insecta,Diptera,Syrphidae,Syrphinae,subfamily,Didea,5.2
Insecta,Diptera,Syrphidae,Syrphinae,subfamily,Dideoides,5.2
Insecta,Diptera,Syrphidae,Syrphinae,subfamily,Dideomima,5.2
Insecta,Diptera,Syrphidae,Syrphinae,subfamily,Dideopsis,5.2
Insecta,Diptera,Syrphidae,Eristalinae,subfamily,Digulia,5.2
Insecta,Diptera,Syrphidae,Eristalinae,subfamily,Dissoptera,5.2
Insecta,Diptera,Syrphidae,Eristalinae,subfamily,Dolichogyna,5.2
Insecta,Hymenoptera,Agaonidae,Agaoninae,subfamily,Dolichoris,5.1
Insecta,Coleoptera,Cleridae,Clerinae,subfamily,Dologenitus,5.3
Insecta,Coleoptera,Cerambycidae,Lepturini,tribe,Dorcasina,5.3
Insecta,Diptera,Syrphidae,Syrphinae,subfamily,Doros,5.2
Insecta,Coleoptera,Cleridae,Clerinae,subfamily,Dozocolletus,5.3
Aves,Passeriformes,Fringillidae,Drepanidini,tribe,Drepanis,5.3
Insecta,Hymenoptera,Agaonidae,Agaoninae,subfamily,Elisabethiella,5.1
Insecta,Coleoptera,Cerambycidae,Lepturini,tribe,Encyclops,5.3
Insecta,Diptera,Syrphidae,Eristalinae,subfamily,Endoiasimyia,5.2
Insecta,Coleoptera,Cleridae,Clerinae,subfamily,Enoclerus,5.3
Aves,Psittaciformes,Psittacidae,Loriini,tribe,Eos,5.3
Insecta,Diptera,Syrphidae,Syrphinae,subfamily,Eosphaerophoria,5.2
Insecta,Coleoptera,Cleridae,Clerinae,subfamily,Epiclines,5.3
Insecta,Diptera,Syrphidae,Syrphinae,subfamily,Epistrophe,5.2
Insecta,Diptera,Syrphidae,Syrphinae,subfamily,Episyrphus,5.2
Insecta,Diptera,Syrphidae,Syrphinae,subfamily,Eriozona,5.2
Insecta,Diptera,Syrphidae,Eristalinae,subfamily,Eristalinus,5.2
Insecta,Diptera,Syrphidae,Eristalinae,subfamily,Eristalis,5.2
Mammalia,Chiroptera,Phyllostomidae,Phyllonycterinae,subfamily,Erophylla,5.4
Insecta,Coleoptera,Cleridae,Clerinae,subfamily,Erymanthus,5.3
Insecta,Diptera,Tabanidae,Pangoniinae,subfamily,Esenbeckia,5.3
Insecta,Diptera,Syrphidae,Eristalinae,subfamily,Eumerus,5.2
Insecta,Diptera,Syrphidae,Syrphinae,subfamily,Eupeodes,5.2
Insecta,Hymenoptera,Agaonidae,Agaoninae,subfamily,Eupristina,5.1
Insecta,Coleoptera,Cleridae,Clerinae,subfamily,Evenoclerus,5.3
Insecta,Coleoptera,Cerambycidae,Lepturini,tribe,Evodinus,5.3
Insecta,Diptera,Syrphidae,Syrphinae,subfamily,Exallandra,5.2
Insecta,Diptera,Syrphidae,Eristalinae,subfamily,Ferdinandea,5.2
Insecta,Diptera,Syrphidae,Eristalinae,subfamily,Flukea,5.2
Insecta,Coleoptera,Cerambycidae,Lepturini,tribe,Gaurotes,5.3
Insecta,Diptera,Syrphidae,Syrphinae,subfamily,Giluwea,5.2
Mammalia,Chiroptera,Phyllostomidae,Glossophaginae,subfamily,Glossophaga,5.2
Aves,Psittaciformes,Psittacidae,Loriini,tribe,Glossopsitta,5.3
Insecta,Coleoptera,Cerambycidae,Lepturini,tribe,Gnathacmaeops,5.3
Insecta,Diptera,Tabanidae,Pangoniinae,subfamily,Goniops,5.3
Insecta,Coleoptera,Cerambycidae,Lepturini,tribe,Grammoptera,5.3
Insecta,Diptera,Syrphidae,Eristalinae,subfamily,Graptomyza,5.2
Insecta,Coleoptera,Cleridae,Clerinae,subfamily,Gyponyx,5.3
Insecta,Diptera,Syrphidae,Eristalinae,subfamily,Habromyia,5.2
Insecta,Diptera,Syrphidae,Eristalinae,subfamily,Hadromyia,5.2
Insecta,Diptera,Syrphidae,Eristalinae,subfamily,Hammerschmidtia,5.2
Insecta,Diptera,Syrphidae,Eristalinae,subfamily,Helophilus,5.2
Aves,Passeriformes,Fringillidae,Hemignathini,tribe,Hemignathus,5.3
Insecta,Diptera,Syrphidae,Eristalinae,subfamily,Hemilampra,5.2
Insecta,Diptera,Syrphidae,Eristalinae,subfamily,Hemixylota,5.2
Insecta,Diptera,Syrphidae,Eristalinae,subfamily,Heringia,5.2
Insecta,Coleoptera,Scarabaeidae,Hopliini,tribe,Heterochelus,5.3
Insecta,Diptera,Syrphidae,Eristalinae,subfamily,Hiatomyia,5.2
Aves,Passeriformes,Fringillidae,Drepanidini,tribe,Himatione,5.3
Mammalia,Chiroptera,Phyllostomidae,Glossophaginae,subfamily,Hylonycteris,5.2
Insecta,Coleoptera,Cantharidae,Chauliognathinae,subfamily,Ichthyurus,5.4
Insecta,Coleoptera,Cerambycidae,Lepturini,tribe,Idiopidonia,5.3
Insecta,Diptera,Syrphidae,Syrphinae,subfamily,Ischiodon,5.2
Insecta,Diptera,Syrphidae,Eristalinae,subfamily,Ischyroptera,5.2
Insecta,Coleoptera,Cleridae,Clerinae,subfamily,Jenjouristia,5.3
Insecta,Coleoptera,Cerambycidae,Lepturini,tribe,Judolia,5.3
Insecta,Coleoptera,Cleridae,Clerinae,subfamily,Kanaliella,5.3
Insecta,Diptera,Syrphidae,Eristalinae,subfamily,Katara,5.2
Insecta,Diptera,Syrphidae,Eristalinae,subfamily,Keda,5.2
Insecta,Diptera,Syrphidae,Eristalinae,subfamily,Kertesziomyia,5.2
Insecta,Hymenoptera,Agaonidae,Kradibiinae,subfamily,Kradibia,5.1
Insecta,Diptera,Syrphidae,Syrphinae,subfamily,Lamellidorsum,5.2
Insecta,Coleoptera,Cleridae,Clerinae,subfamily,Languropilus,5.3
Insecta,Diptera,Syrphidae,Eristalinae,subfamily,Lejogaster,5.2
Insecta,Diptera,Syrphidae,Eristalinae,subfamily,Lejops,5.2
Insecta,Diptera,Syrphidae,Eristalinae,subfamily,Lejota,5.2
Insecta,Diptera,Syrphidae,Eristalinae,subfamily,Lepidomyia,5.2
Insecta,Coleoptera,Scarabaeidae,Hopliini,tribe,Lepithrix,5.3
Insecta,Coleoptera,Cerambycidae,Lepturini,tribe,Leptalia,5.3
Mammalia,Chiroptera,Phyllostomidae,Glossophaginae,subfamily,Leptonycteris,5.2
Insecta,Coleoptera,Cerambycidae,Lepturini,tribe,Leptorhabdium,5.3
Insecta,Coleoptera,Cerambycidae,Lepturini,tribe,Leptura,5.3
Insecta,Coleoptera,Cerambycidae,Lepturini,tribe,Lepturobosca,5.3
Insecta,Coleoptera,Cerambycidae,Lepturini,tribe,Lepturopsis,5.3
Insecta,Diptera,Syrphidae,Syrphinae,subfamily,Leucopodella,5.2
Insecta,Diptera,Syrphidae,Syrphinae,subfamily,Leucozona,5.2
Mammalia,Chiroptera,Phyllostomidae,Glossophaginae,subfamily,Lichonycteris,5.2
Insecta,Diptera,Syrphidae,Eristalinae,subfamily,Liochrysogaster,5.2
Mammalia,Chiroptera,Phyllostomidae,Glossophaginae,subfamily,Lionycteris,5.2
Mammalia,Chiroptera,Phyllostomidae,Glossophaginae,subfamily,Lonchophylla,5.2
Aves,Psittaciformes,Psittacidae,Loriini,tribe,Lorius,5.3
Insecta,Diptera,Syrphidae,Syrphinae,subfamily,Loveridgeana,5.2
Aves,Passeriformes,Fringillidae,Hemignathini,tribe,Loxops ,5.3
Insecta,Diptera,Syrphidae,Eristalinae,subfamily,Lycastrirhyncha,5.2
Insecta,Diptera,Syrphidae,Eristalinae,subfamily,Lycastris,5.2
Insecta,Coleoptera,Cerambycidae,Lepturini,tribe,Lycochoriolaus,5.3
Insecta,Diptera,Syrphidae,Eristalinae,subfamily,Macrometopia,5.2
Insecta,Diptera,Syrphidae,Eristalinae,subfamily,Macropelecocera,5.2
Insecta,Diptera,Syrphidae,Eristalinae,subfamily,Macrozelima,5.2
Aves,Passeriformes,Fringillidae,Hemignathini,tribe,Magumma,5.3
Insecta,Diptera,Syrphidae,Eristalinae,subfamily,Mallota,5.2
Insecta,Diptera,Syrphidae,Eristalinae,subfamily,Malometasternum,5.2
Insecta,Diptera,Syrphidae,Eristalinae,subfamily,Matsumyia,5.2
Insecta,Coleoptera,Cerambycidae,Lepturini,tribe,Megachoriolaus,5.3
Insecta,Diptera,Syrphidae,Eristalinae,subfamily,Megatrigon,5.2
Aves,Passeriformes,Fringillidae,Drepanidini,tribe,Melamprosops ,5.3
Insecta,Diptera,Syrphidae,Syrphinae,subfamily,Melangyna,5.2
Insecta,Diptera,Syrphidae,Eristalinae,subfamily,Melanogaster,5.2
Insecta,Diptera,Syrphidae,Syrphinae,subfamily,Melanostoma,5.2
Insecta,Diptera,Syrphidae,Syrphinae,subfamily,Meligramma,5.2
Insecta,Diptera,Syrphidae,Syrphinae,subfamily,Meliscaeva,5.2
Insecta,Coleoptera,Cleridae,Clerinae,subfamily,Menieroclerus,5.3
Insecta,Diptera,Syrphidae,Eristalinae,subfamily,Merapioidus,5.2
Insecta,Diptera,Syrphidae,Eristalinae,subfamily,Merodon,5.2
Insecta,Diptera,Syrphidae,Eristalinae,subfamily,Meromacroides,5.2
Insecta,Diptera,Syrphidae,Eristalinae,subfamily,Meromacrus,5.2
Insecta,Diptera,Syrphidae,Eristalinae,subfamily,Meropidia,5.2
Insecta,Diptera,Syrphidae,Eristalinae,subfamily,Mesembrius,5.2
Insecta,Coleoptera,Cerambycidae,Lepturini,tribe,Metacmaeops,5.3
Insecta,Diptera,Syrphidae,Eristalinae,subfamily,Milesia,5.2
Insecta,Diptera,Syrphidae,Eristalinae,subfamily,Monoceromyia,5.2
Mammalia,Chiroptera,Phyllostomidae,Glossophaginae,subfamily,Monophyllus,5.2
Mammalia,Chiroptera,Phyllostomidae,Glossophaginae,subfamily,Musonycteris,5.2
Insecta,Diptera,Syrphidae,Eristalinae,subfamily,Myathropa,5.2
Insecta,Diptera,Syrphidae,Eristalinae,subfamily,Myolepta,5.2
Insecta,Diptera,Syrphidae,Eristalinae,subfamily,Nausigaster,5.2
Insecta,Coleoptera,Cerambycidae,Lepturini,tribe,Neanthophylax,5.3
Insecta,Coleoptera,Cerambycidae,Lepturini,tribe,Neoalosterna,5.3
Insecta,Diptera,Syrphidae,Eristalinae,subfamily,Neoascia,5.2
Insecta,Coleoptera,Cerambycidae,Lepturini,tribe,Neobellamira,5.3
Aves,Psittaciformes,Psittacidae,Loriini,tribe,Neopsittacus,5.3
Insecta,Coleoptera,Cleridae,Clerinae,subfamily,Neorthrius,5.3
Insecta,Diptera,Syrphidae,Eristalinae,subfamily,Nepenthosyrphus,5.2
Insecta,Hymenoptera,Agaonidae,Agaoninae,subfamily,Nigeriella,5.1
Insecta,Coleoptera,Cleridae,Clerinae,subfamily,Nonalatus,5.3
Insecta,Diptera,Syrphidae,Eristalinae,subfamily,Notiocheilosia,5.2
Insecta,Diptera,Syrphidae,Syrphinae,subfamily,Notosyrphus,5.2
Insecta,Diptera,Syrphidae,Syrphinae,subfamily,Ocyptamus,5.2
Insecta,Diptera,Syrphidae,Eristalinae,subfamily,Odyneromyia,5.2
Insecta,Coleoptera,Cleridae,Clerinae,subfamily,Ohanlonella,5.3
Insecta,Diptera,Syrphidae,Eristalinae,subfamily,Ohmyia,5.2
Insecta,Coleoptera,Cleridae,Clerinae,subfamily,Omadius,5.3
Insecta,Coleoptera,Cleridae,Clerinae,subfamily,Opilo,5.3
Aves,Passeriformes,Fringillidae,Hemignathini,tribe,Oreomystis ,5.3
Aves,Psittaciformes,Psittacidae,Loriini,tribe,Oreopsittacus,5.3
Insecta,Diptera,Syrphidae,Eristalinae,subfamily,Ornidia,5.2
Insecta,Coleoptera,Cerambycidae,Lepturini,tribe,Orthochoriolaus,5.3
Insecta,Coleoptera,Cerambycidae,Lepturini,tribe,Ortholeptura,5.3
Insecta,Diptera,Syrphidae,Eristalinae,subfamily,Orthonevra,5.2
Insecta,Diptera,Syrphidae,Eristalinae,subfamily,Orthoprosopa,5.2
Insecta,Coleoptera,Cleridae,Clerinae,subfamily,Orthrius,5.3
Insecta,Coleoptera,Scarabaeidae,Hopliini,tribe,Pachycnema,5.3
Insecta,Coleoptera,Cerambycidae,Lepturini,tribe,Pachyta,5.3
Aves,Passeriformes,Fringillidae,Drepanidini,tribe,Palmeria ,5.3
Insecta,Diptera,Syrphidae,Eristalinae,subfamily,Palpada,5.2
Insecta,Diptera,Syrphidae,Eristalinae,subfamily,Palumbia,5.2
Insecta,Diptera,Tabanidae,Pangoniinae,subfamily,Pangonia,5.3
Insecta,Hymenoptera,Agaonidae,Agaoninae,subfamily,Paragaon,5.1
Insecta,Diptera,Syrphidae,Syrphinae,subfamily,Paragus,5.2
Insecta,Diptera,Syrphidae,Eristalinae,subfamily,Pararctophila,5.2
Insecta,Diptera,Syrphidae,Syrphinae,subfamily,Parasyrphus,5.2
Insecta,Diptera,Syrphidae,Eristalinae,subfamily,Parhelophilus,5.2
Aves,Passeriformes,Fringillidae,Hemignathini,tribe,Paroreomyza,5.3
Aves,Psittaciformes,Psittacidae,Loriini,tribe,Parvipsitta,5.3
Insecta,Diptera,Tabanidae,Pangoniinae,subfamily,Pegasomyia,5.3
Insecta,Hymenoptera,Agaonidae,Agaoninae,subfamily,Pegoscapus,5.1
Insecta,Diptera,Syrphidae,Eristalinae,subfamily,Pelecocera,5.2
Insecta,Diptera,Syrphidae,Syrphinae,subfamily,Pelloloma,5.2
Insecta,Coleoptera,Cleridae,Clerinae,subfamily,Perilypus,5.3
Aves,Psittaciformes,Psittacidae,Loriini,tribe,Phigys,5.3
Insecta,Diptera,Syrphidae,Eristalinae,subfamily,Philippimyia,5.2
Insecta,Coleoptera,Cleridae,Clerinae,subfamily,Phloiocopus,5.3
Mammalia,Chiroptera,Phyllostomidae,Phyllonycterinae,subfamily,Phyllonycteris,5.4
Insecta,Diptera,Syrphidae,Eristalinae,subfamily,Phytomia,5.2
Insecta,Coleoptera,Cerambycidae,Lepturini,tribe,Pidonia,5.3
Insecta,Coleoptera,Cleridae,Clerinae,subfamily,Pieleus,5.3
Insecta,Coleoptera,Cerambycidae,Lepturini,tribe,Piodes,5.3
Insecta,Diptera,Syrphidae,Eristalinae,subfamily,Pipiza,5.2
Insecta,Diptera,Syrphidae,Eristalinae,subfamily,Pipizella,5.2
Insecta,Coleoptera,Cleridae,Clerinae,subfamily,Placopterus,5.3
Mammalia,Chiroptera,Phyllostomidae,Glossophaginae,subfamily,Platalina,5.2
Insecta,Diptera,Syrphidae,Syrphinae,subfamily,Platycheirus,5.2
Insecta,Hymenoptera,Agaonidae,Agaoninae,subfamily,Platyscapa,5.1
Insecta,Hymenoptera,Agaonidae,Agaoninae,subfamily,Pleistodontes,5.1
Insecta,Diptera,Syrphidae,Eristalinae,subfamily,Pocota,5.2
Insecta,Diptera,Syrphidae,Eristalinae,subfamily,Polybiomyia,5.2
Insecta,Diptera,Syrphidae,Eristalinae,subfamily,Portevinia,5.2
Insecta,Diptera,Syrphidae,Eristalinae,subfamily,Primocerioides,5.2
Insecta,Coleoptera,Cleridae,Clerinae,subfamily,Priocera,5.3
Insecta,Diptera,Syrphidae,Eristalinae,subfamily,Psarochilosia,5.2
Insecta,Diptera,Syrphidae,Eristalinae,subfamily,Psarus,5.2
Aves,Psittaciformes,Psittacidae,Loriini,tribe,Pseudeos,5.3
Insecta,Coleoptera,Cleridae,Clerinae,subfamily,Pseudoastigmus,5.3
Insecta,Diptera,Syrphidae,Syrphinae,subfamily,Pseudodoros,5.2
Insecta,Coleoptera,Cerambycidae,Lepturini,tribe,Pseudogaurotina,5.3
Insecta,Coleoptera,Cerambycidae,Lepturini,tribe,Pseudostrangalia,5.3
Insecta,Diptera,Syrphidae,Eristalinae,subfamily,Pseudovolucella,5.2
Insecta,Diptera,Syrphidae,Eristalinae,subfamily,Psilota,5.2
Aves,Psittaciformes,Psittacidae,Loriini,tribe,Psitteuteles,5.3
Insecta,Diptera,Syrphidae,Eristalinae,subfamily,Pterallastes,5.2
Insecta,Coleoptera,Cerambycidae,Lepturini,tribe,Pygoleptura,5.3
Insecta,Diptera,Syrphidae,Eristalinae,subfamily,Pyritis,5.2
Insecta,Coleoptera,Cerambycidae,Lepturini,tribe,Pyrotrichus,5.3
Insecta,Diptera,Syrphidae,Eristalinae,subfamily,Quichuana,5.2
Insecta,Coleoptera,Cerambycidae,Lepturini,tribe,Rhagium,5.3
Insecta,Diptera,Syrphidae,Eristalinae,subfamily,Rhingia,5.2
Insecta,Diptera,Syrphidae,Syrphinae,subfamily,Rhinobaccha,5.2
Insecta,Diptera,Syrphidae,Eristalinae,subfamily,Riponnensia,5.2
Insecta,Diptera,Syrphidae,Syrphinae,subfamily,Rohdendorfia,5.2
Insecta,Coleoptera,Cerambycidae,Lepturini,tribe,Sachalinobia,5.3
Insecta,Diptera,Syrphidae,Syrphinae,subfamily,Salpingogaster,5.2
Insecta,Diptera,Syrphidae,Syrphinae,subfamily,Scaeva,5.2
Insecta,Coleoptera,Scarabaeidae,Hopliini,tribe,Scelophysa,5.3
Mammalia,Chiroptera,Phyllostomidae,Glossophaginae,subfamily,Scleronycteris,5.2
Insecta,Coleoptera,Cleridae,Clerinae,subfamily,Sedlacekvia,5.3
Insecta,Diptera,Syrphidae,Eristalinae,subfamily,Senaspis,5.2
Insecta,Diptera,Syrphidae,Eristalinae,subfamily,Senogaster,5.2
Insecta,Diptera,Syrphidae,Eristalinae,subfamily,Sericomyia,5.2
Insecta,Diptera,Syrphidae,Eristalinae,subfamily,Simoides,5.2
Insecta,Diptera,Syrphidae,Syrphinae,subfamily,Simosyrphus,5.2
Insecta,Diptera,Syrphidae,Eristalinae,subfamily,Solenaspis,5.2
Insecta,Diptera,Syrphidae,Eristalinae,subfamily,Somula,5.2
Insecta,Diptera,Syrphidae,Syrphinae,subfamily,Spazigaster,5.2
Insecta,Diptera,Syrphidae,Syrphinae,subfamily,Sphaerophoria,5.2
Insecta,Diptera,Syrphidae,Eristalinae,subfamily,Sphecomyia,5.2
Insecta,Diptera,Syrphidae,Eristalinae,subfamily,Sphegina,5.2
Insecta,Diptera,Syrphidae,Eristalinae,subfamily,Spheginobaccha,5.2
Insecta,Diptera,Syrphidae,Eristalinae,subfamily,Sphiximorpha,5.2
Insecta,Diptera,Syrphidae,Eristalinae,subfamily,Spilomyia,5.2
Insecta,Coleoptera,Cerambycidae,Lepturini,tribe,Stenelytrana,5.3
Insecta,Coleoptera,Cerambycidae,Lepturini,tribe,Stenocorus,5.3
Insecta,Coleoptera,Cerambycidae,Lepturini,tribe,Stenostrophia,5.3
Insecta,Diptera,Syrphidae,Eristalinae,subfamily,Sterphus,5.2
Insecta,Coleoptera,Cerambycidae,Lepturini,tribe,Stictoleptura,5.3
Insecta,Coleoptera,Cleridae,Clerinae,subfamily,Stigmatium,5.3
Insecta,Diptera,Syrphidae,Eristalinae,subfamily,Stilbosoma,5.2
Insecta,Diptera,Tabanidae,Pangoniinae,subfamily,Stonemyia,5.3
Insecta,Coleoptera,Cerambycidae,Lepturini,tribe,Strangalepta,5.3
Insecta,Coleoptera,Cerambycidae,Lepturini,tribe,Strangalia,5.3
Insecta,Coleoptera,Cerambycidae,Lepturini,tribe,Strophiona,5.3
Insecta,Diptera,Syrphidae,Eristalinae,subfamily,Syritta,5.2
Insecta,Diptera,Syrphidae,Eristalinae,subfamily,Syrittosyrphus,5.2
Insecta,Diptera,Syrphidae,Syrphinae,subfamily,Syrphocheilosia,5.2
Insecta,Diptera,Syrphidae,Syrphinae,subfamily,Syrphus,5.2
Insecta,Diptera,Syrphidae,Eristalinae,subfamily,Taeniochilosia,5.2
Insecta,Diptera,Syrphidae,Eristalinae,subfamily,Takaomyia,5.2
Insecta,Diptera,Syrphidae,Syrphinae,subfamily,Talahua,5.2
Insecta,Diptera,Syrphidae,Eristalinae,subfamily,Temnostoma,5.2
Insecta,Hymenoptera,Agaonidae,Tetrapusiinae,subfamily,Tetrapus,5.1
Insecta,Diptera,Syrphidae,Eristalinae,subfamily,Teuchocnemis,5.2
Insecta,Coleoptera,Cleridae,Clerinae,subfamily,Thanasimodes,5.3
Insecta,Coleoptera,Cleridae,Clerinae,subfamily,Thanasimus,5.3
Insecta,Coleoptera,Cleridae,Clerinae,subfamily,Tillicera,5.3
Insecta,Diptera,Syrphidae,Syrphinae,subfamily,Toxomerus,5.2
Insecta,Coleoptera,Cerambycidae,Lepturini,tribe,Trachysida,5.3
Insecta,Coleoptera,Cleridae,Clerinae,subfamily,Trichodes,5.3
Aves,Psittaciformes,Psittacidae,Loriini,tribe,Trichoglossus,5.3
Insecta,Diptera,Syrphidae,Eristalinae,subfamily,Trichopsomyia,5.2
Insecta,Diptera,Syrphidae,Eristalinae,subfamily,Triglyphus,5.2
Insecta,Coleoptera,Cerambycidae,Lepturini,tribe,Trigonarthris,5.3
Insecta,Diptera,Syrphidae,Eristalinae,subfamily,Tropidia,5.2
Insecta,Coleoptera,Cantharidae,Chauliognathinae,subfamily,Trypherus,5.4
Insecta,Diptera,Syrphidae,Syrphinae,subfamily,Tuberculanostoma,5.2
Insecta,Coleoptera,Cerambycidae,Lepturini,tribe,Typocerus,5.3
Insecta,Diptera,Syrphidae,Eristalinae,subfamily,Valdiviomyia,5.2
Aves,Passeriformes,Fringillidae,Hemignathini,tribe,Vangulifer,5.3
Aves,Psittaciformes,Psittacidae,Loriini,tribe,Vini,5.3
Aves,Passeriformes,Fringillidae,Hemignathini,tribe,Viridonia,5.3
Insecta,Diptera,Syrphidae,Syrphinae,subfamily,Vockerothiella,5.2
Insecta,Diptera,Syrphidae,Eristalinae,subfamily,Volucella,5.2
Insecta,Hymenoptera,Agaonidae,Agaoninae,subfamily,Waterstoniella,5.1
Insecta,Hymenoptera,Agaonidae,Agaoninae,subfamily,Wiebesia,5.1
Insecta,Coleoptera,Cleridae,Clerinae,subfamily,Wilsonoclerus,5.3
Insecta,Diptera,Syrphidae,Syrphinae,subfamily,Xanthandrus,5.2
Insecta,Diptera,Syrphidae,Syrphinae,subfamily,Xanthogramma,5.2
Insecta,Coleoptera,Cleridae,Clerinae,subfamily,Xenorthrius,5.3
Mammalia,Chiroptera,Phyllostomidae,Glossophaginae,subfamily,Xeronycteris,5.2
Insecta,Coleoptera,Cerambycidae,Lepturini,tribe,Xestoleptura,5.3
Insecta,Coleoptera,Cerambycidae,Lepturini,tribe,Xylosteus,5.3
Insecta,Diptera,Syrphidae,Eristalinae,subfamily,Xylota,5.2
Insecta,Coleoptera,Cleridae,Clerinae,subfamily,Zenithicola,5.3
